title,description,descriptionHTML,summary,summaryHTML,installs,minInstalls,score,ratings,reviews,histogram,price,free,currency,sale,saleTime,originalPrice,saleText,offersIAP,inAppProductPrice,size,androidVersion,androidVersionText,developer,developerId,developerEmail,developerWebsite,developerAddress,privacyPolicy,developerInternalID,genre,genreId,icon,headerImage,screenshots,video,videoImage,contentRating,contentRatingDescription,adSupported,containsAds,released,updated,version,recentChanges,recentChangesHTML,editorsChoice,similarApps,moreByDeveloper,appId,url
Tesco Grocery & Clubcard,"Get more power in your pocket with the new <b>Tesco Grocery and Clubcard app.</b> It makes online and <b>in-store supermarket shopping</b> quicker and more convenient than ever. Shop from up to 50,000 products, including all the brands you love. Choose home delivery, Click+Collect or our new 60 minute delivery service, Whoosh*, and get your <b>supermarket grocery shopping</b> when, where and how you want. 
 
New to the app, everything you love about <b>Tesco Clubcard</b> ready to use in one scan of your <b>Clubcard</b> barcode when you shop in your local <b>supermarket</b> or express store. Save more with exclusive <b>Clubcard</b> Prices. Collect <b>Clubcard</b> points when you <b>shop for groceries online and in store.</b> Turn your points into <b>Clubcard</b> vouchers and spend them straight from your app. Spend your vouchers on your <b>groceries</b> or get 3x their value to use with our Reward Partners, including everything from days out to a Disney+ subscription. Join <b>Clubcard</b> Christmas Savers and budget for your best festive celebration yet. Plus, use your <b>Clubcard</b> to unlock exclusive subscriptions including <b>Clubcard</b> Plus and Delivery Saver and get even better value.  
 
What's more, we've added tools to help you shop smarter. Check your local store has what you need before you visit with Stock Check. Make a list right in your app and use it while you shop in store**. And add your favourites straight to your online basket. 

<b>Shop online anytime, anywhere.</b>
Do your online grocery shopping on the train home, in front of the TV or wherever it suits you best. 

<b>Never miss a deal.</b>
With Clubcard in your app, all deals and Clubcard Prices are right there on your homescreen. So you'll always see the best offers on products you love. 
 
<b>Do more of what you love for less.</b>
Get 3x your Clubcard voucher value to spend with Reward Partners on fun days out with the family, dinner with friends, gym membership and much more. 

<b>Get your shopping how, when and where you want it.</b>
Choose from Home Delivery, Click+Collect and Whoosh* 60 minute delivery and get your shopping in the way that suits you best.
 
<b>Change your order when it suits you.</b>
Forgotten something? You can add or remove items from your order and choose a different delivery slot up until 11.45pm the evening before it’s due. 
 
<b>Get handy order updates.</b>
We’ll send you reminders when your order is due, how long you have to make changes and more. Just opt-in to push notifications 
 
<b>Check we've got what you need before you visit.</b>
Baking a cake and run out of eggs? With Stock Check, you can now check if the products you need are available in your local store. 
 
<b>Make a list with live stock info.</b>
You can make a shopping lists that includes live stock information from your local store. And when you’re in store, your list is always at your fingertips. 
 
<b>Build your basket straight from your favourites.</b>
We save your favourites, usual purchases and previous orders to make shopping even quicker. 
 
<b>Enjoy easier online shopping.</b>
We’re here to help all of our customers. Our app is fully accessible with VoiceOver functionality and support for larger font sizes. 
 
<b>Sign in quickly and securely.</b>
Add fingerprint or face recognition to make signing in even quicker. And two factor authentication via SMS adds extra account protection. 
 
<b>Help us get better.</b>
We're always making updates and improvements based on your feedback. 

*Whoosh available in selected areas and from specific Tesco Express stores only

**In Store Lists feature available to all customers from Sept 2021","Get more power in your pocket with the new <b>Tesco Grocery and Clubcard app.</b> It makes online and <b>in-store supermarket shopping</b> quicker and more convenient than ever. Shop from up to 50,000 products, including all the brands you love. Choose home delivery, Click+Collect or our new 60 minute delivery service, Whoosh*, and get your <b>supermarket grocery shopping</b> when, where and how you want. <br> <br>New to the app, everything you love about <b>Tesco Clubcard</b> ready to use in one scan of your <b>Clubcard</b> barcode when you shop in your local <b>supermarket</b> or express store. Save more with exclusive <b>Clubcard</b> Prices. Collect <b>Clubcard</b> points when you <b>shop for groceries online and in store.</b> Turn your points into <b>Clubcard</b> vouchers and spend them straight from your app. Spend your vouchers on your <b>groceries</b> or get 3x their value to use with our Reward Partners, including everything from days out to a Disney+ subscription. Join <b>Clubcard</b> Christmas Savers and budget for your best festive celebration yet. Plus, use your <b>Clubcard</b> to unlock exclusive subscriptions including <b>Clubcard</b> Plus and Delivery Saver and get even better value.  <br> <br>What&#39;s more, we&#39;ve added tools to help you shop smarter. Check your local store has what you need before you visit with Stock Check. Make a list right in your app and use it while you shop in store**. And add your favourites straight to your online basket. <br><br><b>Shop online anytime, anywhere.</b><br>Do your online grocery shopping on the train home, in front of the TV or wherever it suits you best. <br><br><b>Never miss a deal.</b><br>With Clubcard in your app, all deals and Clubcard Prices are right there on your homescreen. So you&#39;ll always see the best offers on products you love. <br> <br><b>Do more of what you love for less.</b><br>Get 3x your Clubcard voucher value to spend with Reward Partners on fun days out with the family, dinner with friends, gym membership and much more. <br><br><b>Get your shopping how, when and where you want it.</b><br>Choose from Home Delivery, Click+Collect and Whoosh* 60 minute delivery and get your shopping in the way that suits you best.<br> <br><b>Change your order when it suits you.</b><br>Forgotten something? You can add or remove items from your order and choose a different delivery slot up until 11.45pm the evening before it’s due. <br> <br><b>Get handy order updates.</b><br>We’ll send you reminders when your order is due, how long you have to make changes and more. Just opt-in to push notifications <br> <br><b>Check we&#39;ve got what you need before you visit.</b><br>Baking a cake and run out of eggs? With Stock Check, you can now check if the products you need are available in your local store. <br> <br><b>Make a list with live stock info.</b><br>You can make a shopping lists that includes live stock information from your local store. And when you’re in store, your list is always at your fingertips. <br> <br><b>Build your basket straight from your favourites.</b><br>We save your favourites, usual purchases and previous orders to make shopping even quicker. <br> <br><b>Enjoy easier online shopping.</b><br>We’re here to help all of our customers. Our app is fully accessible with VoiceOver functionality and support for larger font sizes. <br> <br><b>Sign in quickly and securely.</b><br>Add fingerprint or face recognition to make signing in even quicker. And two factor authentication via SMS adds extra account protection. <br> <br><b>Help us get better.</b><br>We&#39;re always making updates and improvements based on your feedback. <br><br>*Whoosh available in selected areas and from specific Tesco Express stores only<br><br>**In Store Lists feature available to all customers from Sept 2021",Order your groceries on the go,Order your groceries on the go,"5,000,000+",5000000,4.03,102994.0,93,"[12344, 9258, 771, 20444, 60177]",0,True,USD,False,,,,False,,55M,7.0,7.0 and up,Tesco plc,Tesco+plc,appsfeedback@tesco.com,http://www.tesco.com/groceries/,AL71GB,https://www.tesco.com/help/privacy-and-cookies/privacy-centre/privacy-policy-information/privacy-policy/,5666230785244261283,Shopping,SHOPPING,https://play-lh.googleusercontent.com/kbHCO1UGFpVzCnVFnzymrkXkPqu1Hxs8MDlGtCSZpjV2GOS1aTeI2AdcasRQaoOo6w,https://play-lh.googleusercontent.com/BwGqdsJ9RMUx7ZczmCZwVmso8gZ9MtCsLRr2JOB5NO16pzBLbJNrt6WmiSbGZZslBbnw,"['https://play-lh.googleusercontent.com/FCnIh26q8dYAPvQKXchshdfDdk9be5jW1tsH3biU9uw2JkPURxed7rI_jVGLLhIseA', 'https://play-lh.googleusercontent.com/cci9vqqu11uQX9025sfJqrONeDCYowp1SaOiHz801pw7foAqMpFqq3WdQj_Uvo9xFw', 'https://play-lh.googleusercontent.com/6miRP4J0zrnXNAxIFRU1PbwU6HYhQJXUulKqXEbgHsw0kcheRMX9ewLfvDOyBjeuQaf9', 'https://play-lh.googleusercontent.com/F0-v7-WrYRZRoDGcDLWufVG9eXoQwcsIK8GiNgSEF1I9XUPd7uQQoe0IrOULqeVQbw', 'https://play-lh.googleusercontent.com/sN_uxhLlPBTVZFpHD9oJTplyoYfReKQ3TGxh1UT5nPYhQKylg7YfPe8cYOvpCGYv4LY', 'https://play-lh.googleusercontent.com/9e8vAns1vD6Lkl8cEEvt2brJVsQRsM5VcFrIyQ-s06IQx_KMdAEjLxqwTY1cERtrjIWN', 'https://play-lh.googleusercontent.com/i63wvfHptAxG9w7PDi4mP5rXPm0rbm0uTbR0ItdpGsF5_E7DhEAq_ndjBm4t4rKswJg', 'https://play-lh.googleusercontent.com/8wd3ZHgDW7iezM6fIR1MCilF_rzAmjsgj-y4mPlMOeLT7hNL3QwmEzKswk0BeO4Ackyp', 'https://play-lh.googleusercontent.com/AqBRqdeCQZSZB20u6DpIpSD-RJiL44f5LXFNv6Jfm1RYYsOcVTlm2s4ujm8VHEZCGY4V', 'https://play-lh.googleusercontent.com/5XU6iJf3__B4QMowAaDUOr7BAtyp-nx33DKMHwShui1r9a4lWtVusfLFIie2ssLx384', 'https://play-lh.googleusercontent.com/4mmmL1QMJCvVuMFEVFYNr5oImexrAx_1wN8-YbROZoHiOZoxdtDKQrlzdhVMdRstd58', 'https://play-lh.googleusercontent.com/TpBXqB_MBmg7b03SYAdLvKFey24jr07pQr2ER_v79PpwqYON_hKiNINESTA3PelVeRc', 'https://play-lh.googleusercontent.com/xUzNo2azP1ZqQi43CUpk5tMmRTPHOM3s7GPmLSDWKT4WqsVOgYSuWBbFbah1N-QOGnM', 'https://play-lh.googleusercontent.com/6Bl6mStVywyI9dVhH8inG6iGmuBQFpYlHCp4fnxbsU91F3q1UNmGB5RsF4bi_rNtoFM', 'https://play-lh.googleusercontent.com/pZzkiH9vCk_NVhpFAgc5wP4bYT84xb4H-B0TI72ovVwEOQohSm_6XvC0kxDYOA7nPg', 'https://play-lh.googleusercontent.com/3XsqDmNmi3F2nxOoTzGkpLDc3Q1Nv_tZaUtpkDy6olhxETBDgZVeTQoYBymQaUw1u1s', 'https://play-lh.googleusercontent.com/r2fHTFn87H_wqm-M1SYg7oiur060GHMKCLk4QZx3wFnGb1PgVPfJUZmcfiH2azMX-UM', 'https://play-lh.googleusercontent.com/GlgzkRGubf9q9krgeYbXk0V6uztqjhpdS76FulKMUsOlG6QxuQyQUzWc9cnLpuHhJAaI', 'https://play-lh.googleusercontent.com/db2AMF5vN3YCUmzM0fUFcNEjc6Zq63SleCprDEGR-jmC_EVoobViMI9x75oVpeQTAA', 'https://play-lh.googleusercontent.com/_IexU_lS7cSQ3unaTLa79RH1g7SBOI98GnAWwJFSW2WabyomJb69lWk93mWUeGkKmw', 'https://play-lh.googleusercontent.com/OPngSybBcOvX4YsqhH3FkZy89nPx1M3DP1Korj4qgglnPjtDtZ9BcXP28Byf4DV0f-iw', 'https://play-lh.googleusercontent.com/MDIxTiOeiVU4qTi2V8N8_FI1Ts7FQl8heJN2IYEbijYx-FoVGxLe75hAX2RTP3nbjPAl', 'https://play-lh.googleusercontent.com/uAWf6LtqdL7xpiGqE58LSqOl4-nrRzS_1ozSD1Ry64WSgSlfrNrTeYSOg7bBkEtZKJo', 'https://play-lh.googleusercontent.com/hGofzZuYyFRbPFRCpgpGWpc-13rdz7GKlJWkEhS0REbdBogVyNczZaclqrhfSt5TXTvW']",,,Everyone,,True,True,"Feb 9, 2015",1648624250,19.29.0,,,False,"['com.grppl.android.shell.CMBlloydsTSB73', 'com.groupon', 'com.ebay.kleinanzeigen', 'com.kroger.mobile']",['com.tesco.payqwiq'],com.tesco.grocery.view,https://play.google.com/store/apps/details?id=com.tesco.grocery.view&hl=en&gl=us
Morrisons Groceries,"<b>Food, drink and more to your door…</b>

Now you can use your laptop, mobile and tablet device to shop online with Morrisons. Take a look at the handy features below to see how we’re making it easier than ever to shop online, wherever you are. 

<i>Please note that two versions of the app are available to cover our different delivery zones in the UK. To make things easy, we’ll automatically direct you to the right one for your area during the download process. </i> 

<b>Online Shopping Made Easy</b>

• <b> Log in with your Facebook account</b> (that’s one less password to remember)
• <b> Instant Shop</b> - we’ll automatically create a typical order for you, based on your recent deliveries
• <b> Search for your whole shopping list at once</b> - our handy jotter tool is a notepad and search engine rolled into one.
• <b> Stay sync’d with your Morrisons.com account</b> - start an order on your computer and complete it on the app (or vice versa)
• <b> Alexa voice</b> shopping lets you add items to an existing order using your Amazon Alexa enabled device


<b>Reasons to shop with Morrisons.com</b>


<b>Convenience -</b>

Choose from handy one hour delivery slots 7 days a week and try food shopping online using a laptop, mobile or tablet. 

<b>Quality -</b> 

We’ll deliver British farmed foods to your doorstep. Choose hundreds of fresh products, all with the same quality and best before dates as our stores. 

<b>Value -</b> 

Shop weekly special offers and browse thousands of Price Crunch offers, as well as low Morrisons prices on everyday essentials.","<b>Food, drink and more to your door…</b><br><br>Now you can use your laptop, mobile and tablet device to shop online with Morrisons. Take a look at the handy features below to see how we’re making it easier than ever to shop online, wherever you are. <br><br><i>Please note that two versions of the app are available to cover our different delivery zones in the UK. To make things easy, we’ll automatically direct you to the right one for your area during the download process. </i> <br><br><b>Online Shopping Made Easy</b><br><br>• <b> Log in with your Facebook account</b> (that’s one less password to remember)<br>• <b> Instant Shop</b> - we’ll automatically create a typical order for you, based on your recent deliveries<br>• <b> Search for your whole shopping list at once</b> - our handy jotter tool is a notepad and search engine rolled into one.<br>• <b> Stay sync’d with your Morrisons.com account</b> - start an order on your computer and complete it on the app (or vice versa)<br>• <b> Alexa voice</b> shopping lets you add items to an existing order using your Amazon Alexa enabled device<br><br><br><b>Reasons to shop with Morrisons.com</b><br><br><br><b>Convenience -</b><br><br>Choose from handy one hour delivery slots 7 days a week and try food shopping online using a laptop, mobile or tablet. <br><br><b>Quality -</b> <br><br>We’ll deliver British farmed foods to your doorstep. Choose hundreds of fresh products, all with the same quality and best before dates as our stores. <br><br><b>Value -</b> <br><br>Shop weekly special offers and browse thousands of Price Crunch offers, as well as low Morrisons prices on everyday essentials.",Morrisons.com - from market street to your street,Morrisons.com - from market street to your street,"1,000,000+",1000000,3.6666667,4494.0,6,"[709, 236, 631, 1183, 1735]",0,True,USD,False,,,,False,,13M,5.1,5.1 and up,Morrisons,Morrisons,customerservices@groceries.morrisons.com,http://groceries.morrisons.com,,http://groceries.morrisons.com/webshop/content/ws5/customerServices/policies/privacypolicy,7311380211392850013,Shopping,SHOPPING,https://play-lh.googleusercontent.com/BPZJxTs6s-W8FNM1dlsE5nDcUAMxljBm5QTM6Kw52LoDiYqikKSiZHFHXvTYtKOHDD4,https://play-lh.googleusercontent.com/FHG8JP3oGqDEBHQfeEMO7-PS82tiywusOd7dR6o1dCd1lIPagx7dSm83ZxtMFcnUAmRF,"['https://play-lh.googleusercontent.com/08nLfrbdeqWhBuR8jOrvCUmJybd_nV8Zo6oALA7GigScW9mIJAW0cQw5LBlrE2m_27Vh', 'https://play-lh.googleusercontent.com/nyuUQVTpV7NGCneSd6VpEOC5VD8cvS8-JAyYQDpm_qmJdZW61k81Yi5jhMyNZQuwA0w', 'https://play-lh.googleusercontent.com/NMtOguePIZisenaS9hTEryHasm-DhbBMQKT3Rr2PWPwYQ6AvvBKlwruxvyvbctK5TQ', 'https://play-lh.googleusercontent.com/SBdeG1dAmQ6JGSydsKcfCZHRUjdID5oTU9fwUaok6T5A8IFwRx4kSGqAIKF2AZxUVw', 'https://play-lh.googleusercontent.com/FRbNPG2R0OEEmiRcw-01Yq3oHsi9Q-qU34jRFIQXcR5-2I5mkTMdZGZHM4JliR3EYi4', 'https://play-lh.googleusercontent.com/rDJAuGefFKSifvbpm9wsYcci5hdSA1P9MbC15-mDkTqVmKCiRRUrMGpoKRafwlDoyAg', 'https://play-lh.googleusercontent.com/-F4KC2HDQjUuXQ-aNiFIDNxU7dYi9vCxCVkX1VCPjYA1XRwODWa5eivhnoh4yCdPF2mC', 'https://play-lh.googleusercontent.com/09oBwBwA0mkx6aAtrKhnOfUSigIYYM7xlvjhsnx84JNqVQwdHQx6hd0JHWVgQ6n9FQ4', 'https://play-lh.googleusercontent.com/8D7dHF1oXKTRAyC3W98RgzX5Y4SsRop9nIeaxN50hpxmQBNhYV6FixFh3hNF5Cu_6w', 'https://play-lh.googleusercontent.com/i1JyQNsUa3JhT-54NYJaLRmPPCTCSCe8a0UdFtofwecl6D4hjUX1oTHTNvhudzX6RVE', 'https://play-lh.googleusercontent.com/bG_wP9NaU4Hxp68TG-eQQ5i7DBQ8yPezadJTO5353NJk2-4699AeIN8dSctN5cI0hpA', 'https://play-lh.googleusercontent.com/V8CDsQaInpO9eRZDFGGJfMalcPTNZw5gVvlpHtNOvKS3VOWrbjylGRHeGCagky4Yjw', 'https://play-lh.googleusercontent.com/BCdG5wvhc0GKyCzVuMp3IPQ33TxBFgpJxA6pdWHfh6teuLinG15W9XunIavGXGLTjIwi', 'https://play-lh.googleusercontent.com/AVb02oc3YHgZCw95KfQ03vrjG3IwMlAH3ZQJYoM5-pEXXEDbaWx8-rLjdYBwTauyuhA', 'https://play-lh.googleusercontent.com/lMabSKdxu_vvj_to02HMrizHKn31DSs265AM9q_Eng94UFCZGcGrh6PPO4f9UINPyP-Q', 'https://play-lh.googleusercontent.com/UnqKzn05vRPPrqtcX77pSS19Vprs5kHz3XdShPk0FdmqMbsgv6hbdiyoaApiZ48k7yI']",,,Everyone,,,False,,1646819449,1.114.1,"We've made a few under-the-hood improvements for performance and security, and we've squashed a few bugs too.","We&#39;ve made a few under-the-hood improvements for performance and security, and we&#39;ve squashed a few bugs too.",False,"['com.wakefern.shoprite', 'com.rewardgateway.mob_04', 'com.yoyowallet.caffenero']",,com.morrisons.mobile.android,https://play.google.com/store/apps/details?id=com.morrisons.mobile.android&hl=en&gl=us
"M&S - Fashion, Food & Homeware","Make shopping for your favourite M&S products easier than ever, whether you’re at home, on the go or in store, with the free M&S app. Access your Sparks account, our incredible rewards scheme, as well as exclusive offers and rewards, your digital Sparks card, Scan & Shop plus lots more. 
 
From fashion to gift ideas, shop with ease across our bestselling categories including M&S womenswear, menswear, hampers, kidswear and school uniform, homeware, furniture, beauty and skincare, sportswear, flowers, cakes, food and wine, or shop our seasonal sales. 
 
WHY M&S? 
Effortless online shopping 
Free delivery when you spend over £50 / €50 on clothing, homeware or beauty 
Free nominated-day delivery on all flowers* 
Free Click & Collect in a store of your choice 
Order tracking on all purchases 
Easy, paperless online returns 
Digital receipts when you shop in store* 
Register with Sparks for exclusive offers and rewards, just for you 
Skip the tills in store with Scan & Shop*
 
SCAN & SHOP 
Want to check out faster? Skip the tills with Scan & Shop in our M&S food stores. Scan and pay for your food shopping directly in the app, up to a total value of £45. Use our free Wi-Fi in store or mobile data.
 
YOUR SPARKS CARD 
Sign up to our reward scheme Sparks for exclusive offers based on the things you love, the chance to win your shopping for free every week, plus a charity donation every time you shop. 
Access your rewards and offers in the M&S app any time 
Scan your digital Sparks card and we’ll donate to your favourite charity 
Link your physical Sparks card to the app easily* 
Go digital and get receipts sent straight to your email when shopping in store 
Get app-exclusive Sparks offers to use on food shopping, snacks and hot drinks in store 
 
ENHANCED IN-STORE EXPERIENCE 
Shopping in store and can’t find your size? Use the product scanner* in our app to order your perfect fit, and we’ll deliver it to your home or your nearest M&S store. 
 
GET INSPIRED 
Get the latest advice, trends and tips on fashion, food, skincare, entertaining and more thanks to our inspiring Style & Living articles and features. 
 
HOME ENERGY SAVINGS*
Get a £30 e-gift card when you switch your energy supplier to M&S Energy. Greener energy using 100% renewable electricity and great-value tariffs. Get a quote in seconds and see how much you could save.  
 
FIND US 
Looking for your nearest M&S store? Use the store finder to get directions using GPS maps and you’ll be with us in no time. 
 
What are you waiting for? Download the free M&S app now and get ready to shop. 
 
FOLLOW US 
Follow M&S on social media for the latest news, offers and sale updates: 
Facebook: @marksandspencer 
Instagram: @marksandspencer 
Twitter: @marksandspencer 
Pinterest: @marksandspencer 
TikTok: @mandsfood 
 
Visit us at www.marksandspencer.com
 
*Terms, conditions and some exclusions may apply. See www.marksandspencer.com for more information.","Make shopping for your favourite M&amp;S products easier than ever, whether you’re at home, on the go or in store, with the free M&amp;S app. Access your Sparks account, our incredible rewards scheme, as well as exclusive offers and rewards, your digital Sparks card, Scan &amp; Shop plus lots more. <br> <br>From fashion to gift ideas, shop with ease across our bestselling categories including M&amp;S womenswear, menswear, hampers, kidswear and school uniform, homeware, furniture, beauty and skincare, sportswear, flowers, cakes, food and wine, or shop our seasonal sales. <br> <br>WHY M&amp;S? <br>Effortless online shopping <br>Free delivery when you spend over £50 / €50 on clothing, homeware or beauty <br>Free nominated-day delivery on all flowers* <br>Free Click &amp; Collect in a store of your choice <br>Order tracking on all purchases <br>Easy, paperless online returns <br>Digital receipts when you shop in store* <br>Register with Sparks for exclusive offers and rewards, just for you <br>Skip the tills in store with Scan &amp; Shop*<br> <br>SCAN &amp; SHOP <br>Want to check out faster? Skip the tills with Scan &amp; Shop in our M&amp;S food stores. Scan and pay for your food shopping directly in the app, up to a total value of £45. Use our free Wi-Fi in store or mobile data.<br> <br>YOUR SPARKS CARD <br>Sign up to our reward scheme Sparks for exclusive offers based on the things you love, the chance to win your shopping for free every week, plus a charity donation every time you shop. <br>Access your rewards and offers in the M&amp;S app any time <br>Scan your digital Sparks card and we’ll donate to your favourite charity <br>Link your physical Sparks card to the app easily* <br>Go digital and get receipts sent straight to your email when shopping in store <br>Get app-exclusive Sparks offers to use on food shopping, snacks and hot drinks in store <br> <br>ENHANCED IN-STORE EXPERIENCE <br>Shopping in store and can’t find your size? Use the product scanner* in our app to order your perfect fit, and we’ll deliver it to your home or your nearest M&amp;S store. <br> <br>GET INSPIRED <br>Get the latest advice, trends and tips on fashion, food, skincare, entertaining and more thanks to our inspiring Style &amp; Living articles and features. <br> <br>HOME ENERGY SAVINGS*<br>Get a £30 e-gift card when you switch your energy supplier to M&amp;S Energy. Greener energy using 100% renewable electricity and great-value tariffs. Get a quote in seconds and see how much you could save.  <br> <br>FIND US <br>Looking for your nearest M&amp;S store? Use the store finder to get directions using GPS maps and you’ll be with us in no time. <br> <br>What are you waiting for? Download the free M&amp;S app now and get ready to shop. <br> <br>FOLLOW US <br>Follow M&amp;S on social media for the latest news, offers and sale updates: <br>Facebook: @marksandspencer <br>Instagram: @marksandspencer <br>Twitter: @marksandspencer <br>Pinterest: @marksandspencer <br>TikTok: @mandsfood <br> <br>Visit us at www.marksandspencer.com<br> <br>*Terms, conditions and some exclusions may apply. See www.marksandspencer.com for more information.","Shop the latest fashion, homeware, beauty or gifts and get next day delivery","Shop the latest fashion, homeware, beauty or gifts and get next day delivery","1,000,000+",1000000,3.9230769,114772.0,13,"[15450, 6621, 11036, 19864, 61801]",0,True,USD,False,,,,False,,51M,6.0,6.0 and up,Marks and Spencer plc,Marks+and+Spencer+plc,DL-M&S.comMobileApps@marks-and-spencer.com,http://www.marksandspencer.com,,https://www.marksandspencer.com/c/data-protection-policy,5967715963778484332,Shopping,SHOPPING,https://play-lh.googleusercontent.com/qixUkGY7Y41cGF4XJx3QlgqKQFN0EFOvMRss_XDs2KFIu9ijlkskcfs52an1t7SRED4,https://play-lh.googleusercontent.com/nfMGFaVQD0Xg9tOdAX_e_jX1bzUuUyVZqbTu-srk9zFNkhjf6mMI5Nee7JXCVWLLQlgZ,"['https://play-lh.googleusercontent.com/dmKYqB9WuifHegnBt6vvbA5Su00fBLYJrXI_DcpCTXRbE0AFgEMRgLcom2qshT-wH0Y', 'https://play-lh.googleusercontent.com/YxUQp6R7Tewhd33MmKMP2MtD8-qhjBFpobZr0JkUctEdCxZmN_tXxsbUoAg0dOrhYcY', 'https://play-lh.googleusercontent.com/P93ofoYIrOlsJdnzj8IPIPNL5WQyytSZeCZg2c92HTNWxrwvHYtKLPgI8oTfnWF-6hs', 'https://play-lh.googleusercontent.com/q5OcWy3fBa_kjav3rtvRMjaiyXjFj5Y4T7PtV1WOVpUYNbWZrx6c2Qd2NVEFPlEP3g', 'https://play-lh.googleusercontent.com/-yNZKQlXsCd-Z6nTpe70ESFqtAdYTzLJhVFeFj0L7-Nj1jUnn6CtzId36FSW5VUGuHOT', 'https://play-lh.googleusercontent.com/r0tWdKQQ8F-LqOr627xPcHV0oFOfCl5sZXKTcg8ndVaqYT_STWZFp2xKIHryCiydqms', 'https://play-lh.googleusercontent.com/vBwsZEQOU9iFwKytsoaiAs61icKvfWG8Mr8wf_jH6HnEbh9ATqAyqn8z48lAf7zqvFJn', 'https://play-lh.googleusercontent.com/qMBTXPugyD2zDHSJeZh--p1dEN3V0ZRC3gioErnUZvAiwTUf92kTaJWHkvZuscFhjQ', 'https://play-lh.googleusercontent.com/Pkpdnzo43OyITYYs4IeJErL5ZQwxaaaF61VKhL0Fv25e5vgmHrav_GqFSjki7QP7sg', 'https://play-lh.googleusercontent.com/u6A8vkFWaRwEXaaUS1ckD_aiPFtOmSAZbYkWGuxKVeHZHTxzZyYDCJwFyfyzDzjALkEh', 'https://play-lh.googleusercontent.com/OxwjsxGhNpAht2p5v4B8s4ctP_fEk0wXEQY-GGn2FQYRVwUvcDPdxjWBF38iuSzTG985', 'https://play-lh.googleusercontent.com/qEZyjVvs4de86Rh4mHSBE1YeRVQ1AOZ2w3dWciZWwU7U7eU3aNMocfkqAxS_h-3vKw', 'https://play-lh.googleusercontent.com/2KILZUwdbMNSqKd2qJnKLShgFdW_fIe0_NsIeA_TJzBlFVToV3BPDiHdef092nSTQl4', 'https://play-lh.googleusercontent.com/3909OnUJaqOZoAd0ObMJTs9E98wOH1NbgjFJgKjSasgOh0TT93kBHSDWf3Vy3ZK12z4d', 'https://play-lh.googleusercontent.com/mhvxdcLk9FU-0FyU7VOLZ6lNVP87L4ZKsjGbM9c4rtAb-Fzk2H5GTlfIkN6ewTyDJEk', 'https://play-lh.googleusercontent.com/6lxJSU6WD7GCm8a3JEtDahqd7C-c5gGcEk1jgcDXzUlBJXyBXZisc4Hkcb9ceJbgNwo', 'https://play-lh.googleusercontent.com/sZ7fOOI-oBURRYyYqesKE_DJuXCPb2HVWeNbZCEW1U6_ER7YSwnScOmYtJ9HrifHJbqp', 'https://play-lh.googleusercontent.com/TYFHN6mCW551SUbmWd9TG7bXFBE-EkfOob5voo5Wn81lzHLprV4TvYKZiVqdjKCChQ-B', 'https://play-lh.googleusercontent.com/nX_Ou5Og4D6Ymu4Mg1PwW_VVenTct789O7oawBkpa4oNhEVaaroKshn7j27nSpPEMj4', 'https://play-lh.googleusercontent.com/XyrTjfWv5zb_CmGHGSb5qTbK_00bDxnmgTj3jSBvTuBASGGGs6gGN9IKeyfpoqS92dE', 'https://play-lh.googleusercontent.com/8XcrtvqEcRb3TIWA9GpTmf7EiiCowVNfMGVF1v_GGWOD1dTighaJ4A8URthjrJyzNYj7', 'https://play-lh.googleusercontent.com/X_Dru-HtRnbfswAtN9Yr0YZXVrcH7blXkwLVzDQSC2megdRF-_tDm_XsKZxyU3mjOsg']",,,Everyone,,,False,"Oct 3, 2014",1648144929,7.0.37.2,"We’re constantly making improvements to the M&S app based on your feedback.
Make sure you update to benefit from the latest features.",We’re constantly making improvements to the M&amp;S app based on your feedback.<br>Make sure you update to benefit from the latest features.,False,"['com.poqstudio.app.platform.boohoo', 'com.hm.goe', 'com.wayfair.wayfair', 'com.thredup.android', 'com.thehutgroup.ecommerce.zavvi']","['com.spotme.marks', 'com.marksandspencer.cookwithmands']",com.marksandspencer.app,https://play.google.com/store/apps/details?id=com.marksandspencer.app&hl=en&gl=us
ASDA,"ASDA’s FREE± grocery shopping app lets you shop for groceries on the go. Get all the amazing in-store offers & easily book a delivery or use our Click & Collect service.
 
Grocery shopping made easy   
Shop your way: Available on all devices on the move. 
Scan items at home: Running out of something? Build your shopping list quickly and easily.  
Create shopping lists: Organise your shop to save time when you next shop using the FREE± Asda App.  
Shopped in-store before? : Transfer your favourite items on your receipt into your online basket. Clever!
Find your nearest store: By turning on-location services, you can locate your nearest store wherever you are.  
 
With the ASDA groceries shopping app, you can: 
 
- Shop the full grocery range available in our stores 
- Book, amend or cancel your order while on the go 
- Quickly add favourites and Shopping List items to your trolley 
- Browse special offers and rollbacks 
- Find items using voice search or barcode scanner 
- Discover recipes; add ingredients straight to your trolley or Shopping List in one tap 
- Buy an ASDA Delivery Pass for savings on delivery charges 
- Find nearby ASDA stores; view store hours, and get directions.
- Let us know you’re on your way. We’ll make sure your shopping is ready to collect when you arrive^

Here are the permissions the app needs, and what we use them for: 
- ‘Identity’ - used to securely save your login details to your phone 
- ‘Location’ - used to find store locations 
- ‘Camera/Microphone’ - used only for the barcode scanner 
- ‘External storage access’ - used so the app can be saved to an SD card 
 
Want to get in touch? You can contact us by: 
Email - mobile@asda.co.uk 
Twitter - https://twitter.com/asda 
Facebook - https://www.facebook.com/Asda 
Web - http://your.asda.com/contact-us   

 
CTA = Download now 
 
±Mobile data charges apply.


What’s New
At Asda we value your feedback and are constantly making improvements to the app.

This update includes:

• Bug fixes and performance enhancements.","ASDA’s FREE± grocery shopping app lets you shop for groceries on the go. Get all the amazing in-store offers &amp; easily book a delivery or use our Click &amp; Collect service.<br> <br>Grocery shopping made easy   <br>Shop your way: Available on all devices on the move. <br>Scan items at home: Running out of something? Build your shopping list quickly and easily.  <br>Create shopping lists: Organise your shop to save time when you next shop using the FREE± Asda App.  <br>Shopped in-store before? : Transfer your favourite items on your receipt into your online basket. Clever!<br>Find your nearest store: By turning on-location services, you can locate your nearest store wherever you are.  <br> <br>With the ASDA groceries shopping app, you can: <br> <br>- Shop the full grocery range available in our stores <br>- Book, amend or cancel your order while on the go <br>- Quickly add favourites and Shopping List items to your trolley <br>- Browse special offers and rollbacks <br>- Find items using voice search or barcode scanner <br>- Discover recipes; add ingredients straight to your trolley or Shopping List in one tap <br>- Buy an ASDA Delivery Pass for savings on delivery charges <br>- Find nearby ASDA stores; view store hours, and get directions.<br>- Let us know you’re on your way. We’ll make sure your shopping is ready to collect when you arrive^<br><br>Here are the permissions the app needs, and what we use them for: <br>- ‘Identity’ - used to securely save your login details to your phone <br>- ‘Location’ - used to find store locations <br>- ‘Camera/Microphone’ - used only for the barcode scanner <br>- ‘External storage access’ - used so the app can be saved to an SD card <br> <br>Want to get in touch? You can contact us by: <br>Email - mobile@asda.co.uk <br>Twitter - https://twitter.com/asda <br>Facebook - https://www.facebook.com/Asda <br>Web - http://your.asda.com/contact-us   <br><br> <br>CTA = Download now <br> <br>±Mobile data charges apply.<br><br><br>What’s New<br>At Asda we value your feedback and are constantly making improvements to the app.<br><br>This update includes:<br><br>• Bug fixes and performance enhancements.","Book a slot, shop your favourites, & order groceries for delivery or collection.","Book a slot, shop your favourites, &amp; order groceries for delivery or collection.","5,000,000+",5000000,4.3565216,81575.0,587,"[6360, 4217, 691, 12789, 57518]",0,True,USD,False,,,,False,,38M,5.0,5.0 and up,Asda Stores Ltd,Asda+Stores+Ltd,mobile@asda.co.uk,http://www.asda.com,,http://asda.com/help/privacy-policy.html,7752864154616133785,Shopping,SHOPPING,https://play-lh.googleusercontent.com/LLH3OQM0RJPKPhTtUZjyUE-uAa9gfldgI8dXxzWfRXKmb84LixRvNTSjahkgXofvDxU,https://play-lh.googleusercontent.com/91iizBTj4jXj0sjvjzEUGT1LyOht0XHRUU1aXAKP5TWlVW8i6I5CNOa0xY1xspqW8A,"['https://play-lh.googleusercontent.com/rWB1wvGEEtjPiVJzqVMvHTcYUOOl6b9lKjoluHcZNiU6GFU_DgDC7RPNIylSPXMogjY', 'https://play-lh.googleusercontent.com/MkQdl1Y2ZXjafIPA1drTBJBetSmMTR1vtKkANT_oanhQwlGsbyM120yE2tQFhCSiIlo', 'https://play-lh.googleusercontent.com/AKLRX6ZpvysEFkEsNx0VDgtiQ6P9u5DXSUHptokwgeDhqXwba_Rswb6J5xJFW__UzZI', 'https://play-lh.googleusercontent.com/SZQHQ8-oTB0o9oOOYMo9a8qk0t884BNrPaEBHwjIDrISU3TobwvU8tK07uMdvHQGQw', 'https://play-lh.googleusercontent.com/KGMdpBLuDeMbod8omhlenZR-28GydDeCmTW6FDwevog0ZLYItXBszWzJVNvtEduGNSc', 'https://play-lh.googleusercontent.com/_z62f6wsgyx8ckIWb8PcTWxFEZt8AOuo9KIRdl1iuyrkHFbzoAGWZ9VtAn2Kjm6cQg', 'https://play-lh.googleusercontent.com/0XOfOx6T4S6xAQo0XQu3BnPhWfz2KluL92wuacUH-HsLP1mGnmNL-LAZwZK_YSkmnuUG', 'https://play-lh.googleusercontent.com/iyF_r5slfeDE9XYxtjIFjl4XmfpyZN-5fV8IfYd5YzNyoHCEss9VTGm-SWn7XtgEHraL', 'https://play-lh.googleusercontent.com/sxdIjvhJ_WXvkB0V_LAAofwSw7QhziRyMpyFxCSGOmc7r5D3uChZcqBAVl99-2iRQ2U', 'https://play-lh.googleusercontent.com/OA02ZTVUosW-SHVRd2K9GtTLQInjDzUm7wMrWMGPScT4o5GLB7BOXYwk1idMUCHWZh4', 'https://play-lh.googleusercontent.com/2G3bn3UZHarumco3iRj0LwxuH75F39lcSIAGS3YeBcmCwaFgNK5v6VeRiJzdtcbnvgc', 'https://play-lh.googleusercontent.com/WlVsWcDAfF0QCKCd_qqoPAIqtBx-8HKre5vXZF_Nm8mbkZMmF2-lAUbGp0oO9Plep10', 'https://play-lh.googleusercontent.com/ChtiKsY2sRRWG3fTJ2pDF456HR2IcqWojN7W_ThAqMYutivhQpLkj3kl1bVF13jLHOA', 'https://play-lh.googleusercontent.com/byD7IbMrv-pp_wOnp1TFw7D_bOjKIAK1zXqaerUeuZlQNufOM52M5NnxRZJYAkgrKg', 'https://play-lh.googleusercontent.com/KFk1236hOHtqq35V9Z-0LioKsoTJcR9MYg38reTjVjQG7PIq8Jbqgtl_R_SPJ2Kf2cMh', 'https://play-lh.googleusercontent.com/gqW3UEnw_kp0gpkn6Tgtp3KHFik1sIFtZNDQLtqsqfOLU38jkIJvjIp4oW8k9kKKlHI', 'https://play-lh.googleusercontent.com/PlW8DcwTUjLConMs_7jCGvSQV8vbFiI8svTq0VniaS6mmc-WOipgLk40f8bDHd9EKlsb', 'https://play-lh.googleusercontent.com/FmHc_l-ti_fh-R5rZslj5g3iPAoyAR32TETmrS4U_WW6fVgZ-1t0pXPuDWD8EcKYbKVa', 'https://play-lh.googleusercontent.com/hjxJvkUhxdXPCyEEg51u-31QKKB2qr3prfQA8tVuYU7JIajQ5pplHBYmeHysB6rTVNE', 'https://play-lh.googleusercontent.com/7DRhipxemQGkzzkay3FnfuvwlW_FdlcsH2CabPcK88jwrh76qDGX3ISm4I7P_cP8N46r', 'https://play-lh.googleusercontent.com/02vOyCmQNuRT2Y4Huw9o78vlVihPCK9xNYor7Os7G-waNiswjxuxgOELHjkRxFEtQ20', 'https://play-lh.googleusercontent.com/Fbut2F-AOhm27a17A3ttv0HgruNDSoiIqtrzkdSf8Ddh5YGDA0vT5ZATWsjyOeJRsbg', 'https://play-lh.googleusercontent.com/NIHfkgtPYtNV5uaqmONrE0QZuOKCqLiyQCzQQA5csaz88UMejaOwUV8LweNK_Ac5iUPS', 'https://play-lh.googleusercontent.com/Qn4cOiYFQR8SG4gkygb47Qy3rgOVSKbfPlNLI-tQBGo5FuT1J5GmLRSepakxPkS4i04']",,,Everyone,,,False,"Apr 10, 2012",1648535746,22.05,• Bug fixes and performance enhancements.,• Bug fixes and performance enhancements.,False,"['de.apptiv.business.android.aldi_us', 'eu.coolblue.shop', 'com.rewardgateway.mob_04', 'com.lidl.digital.staffbase', 'com.lidl.android']",['me.doubledutch.fgymv.asdaevents'],com.asda.android,https://play.google.com/store/apps/details?id=com.asda.android&hl=en&gl=us
ALDI UK,"Snap up incredible offers on our latest Specialbuys, from Kitchenware to Sports and DIY. Or why not create your own wine case of 6 bottles or more?

• Browse and buy our great-value Specialbuys on the go
• Create your own case of wine with 6 or more bottles from our award-winning range
• Order your favourite products simply and safely with a secure checkout process
• Choose from a great range of delivery options for Specialbuys and wines 
• Take a look at an exciting range of products before you buy online or in store
• Receive notifications when we add new Specialbuys or wines we know you’ll love
• Find your nearest Aldi with our handy store finder
• Share great products with your friends through our social media channels","Snap up incredible offers on our latest Specialbuys, from Kitchenware to Sports and DIY. Or why not create your own wine case of 6 bottles or more?<br><br>• Browse and buy our great-value Specialbuys on the go<br>• Create your own case of wine with 6 or more bottles from our award-winning range<br>• Order your favourite products simply and safely with a secure checkout process<br>• Choose from a great range of delivery options for Specialbuys and wines <br>• Take a look at an exciting range of products before you buy online or in store<br>• Receive notifications when we add new Specialbuys or wines we know you’ll love<br>• Find your nearest Aldi with our handy store finder<br>• Share great products with your friends through our social media channels","Snap up incredible offers on our latest Aldi Specialbuys, from clothing to DIY!","Snap up incredible offers on our latest Aldi Specialbuys, from clothing to DIY!","1,000,000+",1000000,3.91,14757.0,17,"[1265, 737, 2635, 3268, 6852]",0,True,USD,False,,,,False,,20M,5.0,5.0 and up,Aldi Stores Limited,Aldi+Stores+Limited,apps.cs@aldi.co.uk,https://www.aldi.co.uk/,,https://www.aldi.co.uk/customer-services/privacy-notice,7753052981975667622,Shopping,SHOPPING,https://play-lh.googleusercontent.com/OtYbpAljW7bRSCyhLzGDBo4yCNU4xHP7uH4gzi-ZXdCsggByk0Vhq6Zxlva0UE3BMbA,https://play-lh.googleusercontent.com/T3qsHyRif62JFu9XldahjHSxo8R6l7aTBEm7wyI_gWRmGvuR1Jgzhhydd3XydGiqg_g,"['https://play-lh.googleusercontent.com/SgP9g2Eb2UF5pZXaeP2WHRvAMYORuO0F1yxORzUW4Q9E89Jmtf4TGnP6oMf4LG2HDPjN', 'https://play-lh.googleusercontent.com/4lSfgzqUULqlZ_t0udNKP1S9pwDot4DvsKki17z6HhhPEQHp6qg2viK2YfDmCHJwe9w', 'https://play-lh.googleusercontent.com/up7SKVugOwkn273eZyrGwXZsg-peSSVNdUH2Koq0Wcr20vd3TXY6SfWhI4Qp2icSAg', 'https://play-lh.googleusercontent.com/4CN9wdHnIJn8I51t5JLgV6BbkyemWSIm4IRmaZqa4zEQcBphrawP07D635bVdKBmg08Z', 'https://play-lh.googleusercontent.com/ZqoglVbD7kbulu6c888Nes7dE2VHL93lRV23wbasKOXxzKhI4eey91JGvpMmgMAcP-4', 'https://play-lh.googleusercontent.com/g4imZ7VPxoK55FP54-wnPsrjAiqgtjuWLwB-yoa13B7LKZQwdDGyrWRSDGlXBotX_A', 'https://play-lh.googleusercontent.com/c6VKVf9QF9JjDiVdSruXN3whwmygQ1t27CwFDjsk9RDsx-q_oJatBBzcuRDQDThF8prS', 'https://play-lh.googleusercontent.com/GNlwgshmWsygQ65qdSUTBjfIVWFOt0EthOBI4FLR8yVa-49j1Ft1HSoNbA_8BM4cR0I', 'https://play-lh.googleusercontent.com/1b3IPXffa2Iwku1bcHZuo46bIv6x0QY7wLEXHOrdLx9wN3EFiT1Itt_ybVK84VQ3ous', 'https://play-lh.googleusercontent.com/L2oOiio2sjqeijFXQ9bGW4IPEuTtnhdMn4No8psMSNar16oumJIp0M0aB2YfcRnySg', 'https://play-lh.googleusercontent.com/dipklGTGHvgRkPdgLMDTQSmJBXuOsGO6tvX5nnwz1tte-CMK-E1JjLXp7IwcemZj2Ltq', 'https://play-lh.googleusercontent.com/_TXZPgw48pqkiiG65TwajdSmAvPhIiI2CLmlftnQt4Ynb4zHPmyGercOL1PxkFTeSyU', 'https://play-lh.googleusercontent.com/JXhDNL1ZYcj4t33CuMiZ1Fe5zdSEmfTT9GZDfAzU0-didFTCLJ28qyynWESV4OtcOA', 'https://play-lh.googleusercontent.com/ldyonRUc-rfby8JBiYtECr6KYpF7rsa3IDAjfCs80kQ6RCHD93-n_iW9i0e6J8N8OP8e', 'https://play-lh.googleusercontent.com/AQLxlYP0CanYhlcWZ-jcekiumDazPmLxFgnM2hnBT2F0_DjeB9IrvIjyTx6JlTqjfcHp', 'https://play-lh.googleusercontent.com/zCqpmW5UYb7t2dRKBRq7cH1I7fECr3sv_NgudcL1U9c4YEWq45Xi-Glu6zjiT4IzTA', 'https://play-lh.googleusercontent.com/LHEzzSkwGGOiNuvyLLkzflHE0NWIb0FaH3KkqcMiG4QO3z7b_-TGLuOBc1jo8uJY3Q8', 'https://play-lh.googleusercontent.com/-YUQjZmQkQ9BNJ5Fm1HIGiJPU2wg8j7FQx0cXU4_1Go1hnh12hzSv6aEFB6CIoR2nYEr', 'https://play-lh.googleusercontent.com/Mj3oGDk1BKkBo-RjHYLuA1nfgZ-jMwbQShoV2KCrXd28UQAx-f_NtDTHtTjUsqDKdDkR', 'https://play-lh.googleusercontent.com/bqU3RVz8YlvnBxQl1r4oNKq6KIkXhoh5W610KRcBlwrHWedKStmssHq2G_LY0_Ko_nEu', 'https://play-lh.googleusercontent.com/Y8kw-wk6HFgrS98GiEQt8qV3wtsNvbYqBtY14GdnRX2j1B17bBqLIE82FhQXjzXGKIg', 'https://play-lh.googleusercontent.com/njUZwgUKclF0Q1VP4j-IFTeKBl4x1eu4O_rY6zD_-e_fR4yKdYmGqZOhTOLGfk2xwg', 'https://play-lh.googleusercontent.com/TMBNk07v6A5oKVt1is2zUBoNsXRZcriSbX5q7Znt4HMiIlp5b-BpkyTCgwnnmd5Oi9o', 'https://play-lh.googleusercontent.com/MeGiqf6FWPNtTNZKgDTOxckLRmHgySAGO0A3T5DQPjiJlKlrL-L88m2N9OW42JzpFfJw']",,,Everyone,,,False,,1646042139,7.4.1.113,We have made it easier for app users to view and purchase our latest grocery offers.,We have made it easier for app users to view and purchase our latest grocery offers.,False,"['com.lidl.digital.staffbase', 'com.marteye', 'de.apptiv.business.android.aldi_us', 'com.yoyowallet.caffenero', 'com.lidl.android']","['com.aldisued.shopgo', 'com.uk.MyAldi2']",de.apptiv.business.android.aldi_uk,https://play.google.com/store/apps/details?id=de.apptiv.business.android.aldi_uk&hl=en&gl=us
Sainsbury's Groceries,"You can now do your groceries shopping wherever and whenever it suits you with the Sainsbury’s Groceries app.

That means 30,000+ products in your pocket ready to be delivered to your door at your chosen date and time.

<strong>Here’s some of the things you can do with it:</strong>
- Browse or search for food, drink, and household products
- Create a new order or edit an existing one
- Link your Nectar card and collect rewards points whilst you shop
- Get all our best offers and deals
- Use the app for food and drink deliveries all over the UK, or Click & Collect your shopping from one of our stores.

<strong>Already a registered Sainsbury’s groceries shopper?</strong>
In that case it’s easy, just log into the app with your usual details and you’ll find all your information, offers and Favourites there waiting for you.

<strong>What if you’re new to shopping for groceries online?</strong>
It only takes a moment to register and get shopping. Your most ordered items are automatically added to your Favourites, so the more you shop with the app, the quicker it gets.

We’re always trying to improve our Groceries app, so each new release will contain a combination of new features, performance enhancements and bug fixes.","You can now do your groceries shopping wherever and whenever it suits you with the Sainsbury’s Groceries app.<br><br>That means 30,000+ products in your pocket ready to be delivered to your door at your chosen date and time.<br><br><strong>Here’s some of the things you can do with it:</strong><br>- Browse or search for food, drink, and household products<br>- Create a new order or edit an existing one<br>- Link your Nectar card and collect rewards points whilst you shop<br>- Get all our best offers and deals<br>- Use the app for food and drink deliveries all over the UK, or Click &amp; Collect your shopping from one of our stores.<br><br><strong>Already a registered Sainsbury’s groceries shopper?</strong><br>In that case it’s easy, just log into the app with your usual details and you’ll find all your information, offers and Favourites there waiting for you.<br><br><strong>What if you’re new to shopping for groceries online?</strong><br>It only takes a moment to register and get shopping. Your most ordered items are automatically added to your Favourites, so the more you shop with the app, the quicker it gets.<br><br>We’re always trying to improve our Groceries app, so each new release will contain a combination of new features, performance enhancements and bug fixes.",Do your Sainsbury's shop on your phone and we’ll deliver to your doorstep.,Do your Sainsbury&#39;s shop on your phone and we’ll deliver to your doorstep.,"1,000,000+",1000000,0.0,,0,"[0, 0, 0, 0, 0]",0,True,USD,False,,,,False,,8.3M,5.0,5.0 and up,Sainsbury's Supermarkets Ltd,Sainsbury's+Supermarkets+Ltd,app.feedback@sainsburys.co.uk,http://www.sainsburys.co.uk/shop/gb/groceries,,http://help.sainsburys.co.uk/help/website/privacy-policy-commitment,8474573370505640961,Shopping,SHOPPING,https://play-lh.googleusercontent.com/c4JaQ5EGr71gs4N0m1r3ALs60jJkx3uGDOQoPWx2rwFnv0uUvP1AYnUMK4cCVMylwudJ,https://play-lh.googleusercontent.com/vf91al2KW6_LBcrrqMpofHrIz1wvS-QCtGQg_dc_Ds-z42EoyJeaYhjtdfrXYCuk5g93,"['https://play-lh.googleusercontent.com/cgnmu2L40C_QIB2BCmDM5aGllzL5kDThw5edh1tP_yvWUuFtbg8PUBWAc8MfNHGJUbQ', 'https://play-lh.googleusercontent.com/hyveAJQObjGYyLafrlrz7EN698isRF_KR-cqsJyBANGft1qTMBuOkhVtUJNZ66FJIcg', 'https://play-lh.googleusercontent.com/tUDoGxouMRloZnjBt9-jjjABUXlt-zQBZ6z_bAWgjxrbKnBNCAPPr5yY_xCzbVWJmIo', 'https://play-lh.googleusercontent.com/eZ2ZGbcyNJM5uBKzDozhDvNhoVEZzz6JBmMcfUhEEZIYfaXzKiCm-jltBnRa34scMpY', 'https://play-lh.googleusercontent.com/987goo-6b1z12uYESoXix-dHup9kNE8JOoXIJiE8a46ginAX14RhNIlipxqf_V4l_pA', 'https://play-lh.googleusercontent.com/5N3v7jCNHq49mvTkGmrKPBOU5dxwhN5JT-Ioz5WPiGkgTrT8BUmHgg_m2BUTN3BTgQ', 'https://play-lh.googleusercontent.com/TH9vuyV1kvYk2zaxzFJP70UxkTH0fHGRdK3Aeba3_TS-11TjRBYedh8Irjsrb2s5Cwg', 'https://play-lh.googleusercontent.com/c1IzwooKHGHoSZUxYNg587RtLhzTe1hBEnHor-UQnyxhjtOWx2gdLGNXXxqV9HLAVQ', 'https://play-lh.googleusercontent.com/suRHZUQG9QbcQSOeYSHLTu4RP77aw_c--ShphjLxn2FPUZrEs4xcS72_b03f72eqpw', 'https://play-lh.googleusercontent.com/aff-_CvdCIB4Fthj_b-HyMkjlkImlgs_bjD4vZsqeNyEkbTh2rmL4t5zAbzjuyGPsg', 'https://play-lh.googleusercontent.com/CTh2h3qtaRzHQ9zc_2AoZc5B49UN5jrivcrj8Domxgl-59ChymZDvWivj_7r_7Tr4w4', 'https://play-lh.googleusercontent.com/VRNpXzlwb-d3Ehn7x0azr4lRbg65zmdkXZTfy1SJoLcKHa59IyX7bWDUlOl79Nfz6Lw', 'https://play-lh.googleusercontent.com/BgZRIVIIE8gNzOgwYY-1-HmRw5TMS3NdJz5nESrKyTDjUCaqKQ3F5dDjXPwAGEOTYn0', 'https://play-lh.googleusercontent.com/UfboTmfjaxMn4PUEBRxG60DDw5j-HvFEq_2lowLufvgg8c7Ss8Xqt2-1z32B0ve2q6MR', 'https://play-lh.googleusercontent.com/HeoGGZ0SDrWKhQTcPMfeNyj2mhQUFPOXr-fnoSX98D70onhf82laeu67KM_Hy6xxKDI', 'https://play-lh.googleusercontent.com/bJ0X62DfniT_XQGYutW_sIsuS0aNsWjMtBcSusHSEiw6BU5PSIi3dE47wrMh9JNsia0', 'https://play-lh.googleusercontent.com/jdLonZ5GehZY_5sTl7PHl_aHuT2OkoQfcB_fOciXntRaw7O7_CtZucfG0W_TC23lMGs', 'https://play-lh.googleusercontent.com/RX9E_TCCPlvuZ1QOfVISvEPygnW8e8CxA8v6rgg9BW8oDjKSP-gtKxFXd07aelbPpQ']",,,Everyone,,,False,,1648226948,3.0.2,,,False,"['com.rewardgateway.mob_04', 'com.marteye', 'uk.co.bbc.goodfood2', 'ie.rte.news', 'com.thefreshmarket.app.android']",,com.sainsburys.gol,https://play.google.com/store/apps/details?id=com.sainsburys.gol&hl=en&gl=us
Waitrose & Partners,"New to Waitrose & Partners online? 
No problem. Create an account in our app and you can start shopping straight away. You can also sign up to myWaitrose or link to an existing account via the app.
 
Already shop online with Waitrose & Partners? 
Sign in using your waitrose.com details and you're good to go. With the app, you can book a delivery slot, view existing orders, amend orders and search for products with ease.

On the move? 
Start a shop in our app, and complete it at waitrose.com ‒ or vice versa. Your Trolley contents and account details will automatically sync.

Are you a myWaitrose member? 
Leave your physical myWaitrose card at home and still benefit from the same great offers. Scan the digital card in the app at checkout or use it to unlock Quick Check handsets. You can also add your myWaitrose card to your Google Pay wallet.
 
Click & Collect now on the app
Why wait in? Pop to your local Waitrose & Partners store and collect your order – free of charge.

Entertaining now on the app
If you’re feeding a crowd or planning  a special celebration, our made to order range will make stress-free celebrations simple yet stylish.

Use Favourites 
Easily find the items you regularly buy online and in-store. Any items you’ve previously bought online will be automatically added into your Favourites, and items you buy in-store using your myWaitrose card will also be listed. To add more items into your Favourites simply tap on the heart icons.
 
In a Waitrose & Partners store and see something you like? 
Use the app to find out more about it, view nutritional information, and read reviews to see how other customers rate its quality and value. Don’t want to buy it there and then? Add it to your Trolley in our app ready for your next delivery or collection.
 
Quick checkout 
Place your order and use fingerprint recognition to securely authenticate at checkout.

Home screen shortcuts 
Speedily access your myWaitrose card, trolley and offers directly from your device home screen – simply press and hold the app icon.

Add upcoming orders to your calendar 
After check out simply add your delivery or collection slot time to your phone’s calendar so you’ll never forget the date of your next order.

You may notice some features you use when shopping online at waitrose.com are not yet on the app (such as multi search and lists). We are working hard to bring these and more to the app. Watch this space…

To help us improve our app, we would really appreciate your feedback. We’ve added a place for you to send us comments on the home screen, so if you think something doesn’t work as well as it could, or have any other suggestions, please tell us what you think.

Visit www.waitrose.com for more information.

https://www.facebook.com/waitroseandpartners
https://twitter.com/waitrose
https://www.pinterest.co.uk/waitroseandpartners
https://www.youtube.com/user/Waitrose
https://www.instagram.com/waitroseandpartners","New to Waitrose &amp; Partners online? <br>No problem. Create an account in our app and you can start shopping straight away. You can also sign up to myWaitrose or link to an existing account via the app.<br> <br>Already shop online with Waitrose &amp; Partners? <br>Sign in using your waitrose.com details and you&#39;re good to go. With the app, you can book a delivery slot, view existing orders, amend orders and search for products with ease.<br><br>On the move? <br>Start a shop in our app, and complete it at waitrose.com ‒ or vice versa. Your Trolley contents and account details will automatically sync.<br><br>Are you a myWaitrose member? <br>Leave your physical myWaitrose card at home and still benefit from the same great offers. Scan the digital card in the app at checkout or use it to unlock Quick Check handsets. You can also add your myWaitrose card to your Google Pay wallet.<br> <br>Click &amp; Collect now on the app<br>Why wait in? Pop to your local Waitrose &amp; Partners store and collect your order – free of charge.<br><br>Entertaining now on the app<br>If you’re feeding a crowd or planning  a special celebration, our made to order range will make stress-free celebrations simple yet stylish.<br><br>Use Favourites <br>Easily find the items you regularly buy online and in-store. Any items you’ve previously bought online will be automatically added into your Favourites, and items you buy in-store using your myWaitrose card will also be listed. To add more items into your Favourites simply tap on the heart icons.<br> <br>In a Waitrose &amp; Partners store and see something you like? <br>Use the app to find out more about it, view nutritional information, and read reviews to see how other customers rate its quality and value. Don’t want to buy it there and then? Add it to your Trolley in our app ready for your next delivery or collection.<br> <br>Quick checkout <br>Place your order and use fingerprint recognition to securely authenticate at checkout.<br><br>Home screen shortcuts <br>Speedily access your myWaitrose card, trolley and offers directly from your device home screen – simply press and hold the app icon.<br><br>Add upcoming orders to your calendar <br>After check out simply add your delivery or collection slot time to your phone’s calendar so you’ll never forget the date of your next order.<br><br>You may notice some features you use when shopping online at waitrose.com are not yet on the app (such as multi search and lists). We are working hard to bring these and more to the app. Watch this space…<br><br>To help us improve our app, we would really appreciate your feedback. We’ve added a place for you to send us comments on the home screen, so if you think something doesn’t work as well as it could, or have any other suggestions, please tell us what you think.<br><br>Visit www.waitrose.com for more information.<br><br>https://www.facebook.com/waitroseandpartners<br>https://twitter.com/waitrose<br>https://www.pinterest.co.uk/waitroseandpartners<br>https://www.youtube.com/user/Waitrose<br>https://www.instagram.com/waitroseandpartners",Simple. Delicious. Delivered.,Simple. Delicious. Delivered.,"500,000+",500000,5.0,8901.0,1,"[0, 0, 0, 0, 8901]",0,True,USD,False,,,,False,,43M,6.0,6.0 and up,Waitrose Ltd,Waitrose+Ltd,waitrose.app@waitrose.co.uk,http://www.waitrose.com,"Waitrose Ltd
Doncastle Road
Southern Industrial Area
Bracknell
Berkshire
RG12 8YA
",https://www.waitrose.com/content/waitrose/en/corporate_information_home/corporate_information/legal_notices/privacy-notice.html,8843303518741587039,Shopping,SHOPPING,https://play-lh.googleusercontent.com/zq31mWyFlKGcHk8rkjn6XQs9HUn4fUmTeCIrFgXMricqOtMuepapcpM4UsKgRETX3dg,https://play-lh.googleusercontent.com/hWORMUIgzshjI0CsX8P3YUhFUtNLNjN5dSiKwtoFSJ5oWbcj3QZiLYmZAczmSrgUL4k,"['https://play-lh.googleusercontent.com/nswpv9JydzgwWorU4WmRSCBDhsTdmd29tVP2QsUnxtkHzvua-33hBae0_TCjT5HEDr4', 'https://play-lh.googleusercontent.com/lMW7A-0bUvLJPjOixgmo1lhTM0E67P9iU2Ins6FcMbgtl3mrzwtYr6gyb7vQmijl6Gf0', 'https://play-lh.googleusercontent.com/RSazqWEvJNHa0TYRsW5NACVte8J_3EgGqGSJWUlSV8QubJoX1qfWQd6FhctJv3HR3T8', 'https://play-lh.googleusercontent.com/M757SeCWmFt4rIGxRKSBq1w_DPKB8_bS17S8_C7W1drN_9gE9o6qNxUytIu338EH7w', 'https://play-lh.googleusercontent.com/X4yFELm9lOXUnWJXkj0GUtMGbj_bb-5WNHhp26Lu0SvIB-nn1rv-NXYapEL_R4A-wVMJ', 'https://play-lh.googleusercontent.com/V93Z_MvNh3FCPMktsr9vSa_mRdrcr7UyXfPy1N_53uihutJWAQcQSXcs5yX3uuFgRA', 'https://play-lh.googleusercontent.com/Q4bU9hgI2wX66cjt1yTelpRl1YgLv0X67vFssFab5lQImKnuHo7iw_9TCG0or66eplpB', 'https://play-lh.googleusercontent.com/5hf-7xNglLKHE_JuIUFDGFmrVr3gmYvyRrMwGAQOHXeaqRZBnSgaJaySKk-INQVTSA']",,,Everyone,,,False,,1648214078,2.7.3.2448,,,False,"['com.marteye', 'com.yoyowallet.caffenero']",,com.waitrose.groceries,https://play.google.com/store/apps/details?id=com.waitrose.groceries&hl=en&gl=us
